"DESCRIPTION","DURATION IN MS","NAME","PARENT SUITE","START TIME","STATUS","STOP TIME","SUB SUITE","SUITE","TEST CLASS","TEST METHOD"
"","524","discoveryShouldReturnDspParams_BpnAsIdentifier()","","2026-09-07","passed","2026-09-07","","org.eclipse.tractusx.edc.discovery.e2e.ConnectorDiscoveryTest","org.eclipse.tractusx.edc.discovery.e2e.ConnectorDiscoveryTest","discoveryShouldReturnDspParams_BpnAsIdentifier"
"","2792","Verify that the consumer receives only the offers he is permitted to (using the legacy CX policy)","","2026-09-07","passed","2026-09-07","","org.eclipse.tractusx.edc.tests.catalog.CatalogTest","org.eclipse.tractusx.edc.tests.catalog.CatalogTest","requestCatalog_filteredByBpn_UsingLegacyCxPolicy_shouldReject"
"","81","Expect the Catalog request to fail if a credential has an invalid credential subject id","","2026-09-07","passed","2026-09-07","","org.eclipse.tractusx.edc.tests.transfer.StsConsumerPullTest","org.eclipse.tractusx.edc.tests.transfer.StsConsumerPullTest","catalogRequest_whenCredentialSubjectIdIsInvalid"
"","2336","Policy is accepted ""MembershipCredential""","","2026-09-07","passed","2026-09-07","","org.eclipse.tractusx.edc.tests.policy.PolicyDefinitionEndToEndTest","org.eclipse.tractusx.edc.tests.policy.PolicyDefinitionEndToEndTest","shouldAcceptValidPolicyDefinitions"
"","6902","transferData_failing_withProxyOriginalResponse_withoutSourceResponseBody()","","2026-09-07","passed","2026-09-07","","org.eclipse.tractusx.edc.tests.transfer.TransferPullEndToEndTest.Dsp2025to2025","org.eclipse.tractusx.edc.tests.transfer.TransferPullEndToEndTest$Dsp2025to2025","transferData_failing_withProxyOriginalResponse_withoutSourceResponseBody"
"","40","discoveryShouldReturn2025DspParams_DidAsIdentifier()","","2026-09-07","passed","2026-09-07","","org.eclipse.tractusx.edc.discovery.e2e.ConnectorParameterDiscoveryTest","org.eclipse.tractusx.edc.discovery.e2e.ConnectorParameterDiscoveryTest","discoveryShouldReturn2025DspParams_DidAsIdentifier"
"","50","Policy is not accepted because definition is not correct ""Access Policy with prohibition rule""","","2026-09-07","passed","2026-09-07","","org.eclipse.tractusx.edc.tests.policy.PolicyDefinitionEndToEndTest","org.eclipse.tractusx.edc.tests.policy.PolicyDefinitionEndToEndTest","shouldNotAcceptInvalidPolicyDefinitions"
"","7453","kafkaPullTransfer_withoutGroupPrefix_provisionsViaParticipantFallback()","","2026-09-07","passed","2026-09-07","","org.eclipse.tractusx.edc.tests.transfer.KafkaPullEndToEndTest","org.eclipse.tractusx.edc.tests.transfer.KafkaPullEndToEndTest","kafkaPullTransfer_withoutGroupPrefix_provisionsViaParticipantFallback"
"","278","Verify that the consumer receives only the offers he is permitted to (using the legacy BPN validation)","","2026-09-07","passed","2026-09-07","","org.eclipse.tractusx.edc.tests.catalog.CatalogTestDspV08","org.eclipse.tractusx.edc.tests.catalog.CatalogTestDspV08","requestCatalog_filteredByBpnLegacy_WithNamespace_shouldReject"
"","68","Policy is accepted ""Warranty Definition""","","2026-09-07","passed","2026-09-07","","org.eclipse.tractusx.edc.tests.policy.PolicyDefinitionEndToEndTest","org.eclipse.tractusx.edc.tests.policy.PolicyDefinitionEndToEndTest","shouldAcceptValidPolicyDefinitions"
"","78","Policy is accepted ""Affiliates Region""","","2026-09-07","passed","2026-09-07","","org.eclipse.tractusx.edc.tests.policy.PolicyDefinitionEndToEndTest","org.eclipse.tractusx.edc.tests.policy.PolicyDefinitionEndToEndTest","shouldAcceptValidPolicyDefinitions"
"","40","Policy is accepted ""Confidential Information Measures""","","2026-09-07","passed","2026-09-07","","org.eclipse.tractusx.edc.tests.policy.PolicyDefinitionEndToEndTest","org.eclipse.tractusx.edc.tests.policy.PolicyDefinitionEndToEndTest","shouldAcceptValidPolicyDefinitions"
"","547","Verify that the consumer receives only the offers he is permitted to (using the legacy BPN validation)","","2026-09-07","passed","2026-09-07","","org.eclipse.tractusx.edc.tests.catalog.CatalogTest","org.eclipse.tractusx.edc.tests.catalog.CatalogTest","requestCatalog_filteredByBpnLegacy_WithNamespace_shouldReject"
"","309","Consumer gets catalog from the provider. No constraints.","","2026-09-07","passed","2026-09-07","","org.eclipse.tractusx.edc.tests.catalog.CatalogTest","org.eclipse.tractusx.edc.tests.catalog.CatalogTest","requestCatalog_fulfillsPolicy_shouldReturnOffer"
"","60","5.4.3 Verifier should reject Presentations where the holder does not match the credentialSubject.id","","2026-09-07","passed","2026-09-07","","org.eclipse.dataspacetck.dcp.verification.presentation.verifier.PresentationFlowSection5Test","org.eclipse.dataspacetck.dcp.verification.presentation.verifier.PresentationFlowSection5Test","verifier_05_04_03_presentationResponse_holderNotEqualSubjectId"
"","39","discoveryShouldReturn400_whenDidNotResolvable()","","2026-09-07","passed","2026-09-07","","org.eclipse.tractusx.edc.discovery.e2e.ConnectorParameterDiscoveryTest","org.eclipse.tractusx.edc.discovery.e2e.ConnectorParameterDiscoveryTest","discoveryShouldReturn400_whenDidNotResolvable"
"","72","shouldFail_whenAccessPolicyDefinedAsContractPolicy()","","2026-09-07","passed","2026-09-07","","org.eclipse.tractusx.edc.tests.validators.ContractDefinitionPoliciesValidatorsTest","org.eclipse.tractusx.edc.tests.validators.ContractDefinitionPoliciesValidatorsTest","shouldFail_whenAccessPolicyDefinedAsContractPolicy"
"","257","Provider gets 400 when empty asset selector is used","","2026-09-07","passed","2026-09-07","","org.eclipse.tractusx.edc.tests.validators.EmptyAssetSelectorValidatorTest","org.eclipse.tractusx.edc.tests.validators.EmptyAssetSelectorValidatorTest","shouldFail_whenContractDefinitionHasEmptyAssetSelector"
"","54","Policy is accepted ""Confidential Information Sharing""","","2026-09-07","passed","2026-09-07","","org.eclipse.tractusx.edc.tests.policy.PolicyDefinitionEndToEndTest","org.eclipse.tractusx.edc.tests.policy.PolicyDefinitionEndToEndTest","shouldAcceptValidPolicyDefinitions"
"","75","Policy is accepted ""Data Frequency""","","2026-09-07","passed","2026-09-07","","org.eclipse.tractusx.edc.tests.policy.PolicyDefinitionEndToEndTest","org.eclipse.tractusx.edc.tests.policy.PolicyDefinitionEndToEndTest","shouldAcceptValidPolicyDefinitions"
"","53","Policy is accepted ""Enforce data usage end date 1 second in the future""","","2026-09-07","passed","2026-09-07","","org.eclipse.tractusx.edc.tests.policy.PolicyDefinitionEndToEndTest","org.eclipse.tractusx.edc.tests.policy.PolicyDefinitionEndToEndTest","shouldAcceptValidPolicyDefinitions"
"","2195","Verify the refresh endpoint is not called when auto_refresh=false","","2026-09-07","passed","2026-09-07","","org.eclipse.tractusx.edc.tests.edrv2.EdrCacheApiEndToEndTest","org.eclipse.tractusx.edc.tests.edrv2.EdrCacheApiEndToEndTest","getEdrWithRefresh_whenNotAutorefresh_shouldNotCallEndpoint"
"","1494","4.3.3 Verify invalid access token - nbf in future","","2026-09-07","passed","2026-09-07","","org.eclipse.dataspacetck.dcp.verification.presentation.verifier.PresentationFlowSection4Test","org.eclipse.dataspacetck.dcp.verification.presentation.verifier.PresentationFlowSection4Test","verifier_04_03_03_idTokenNbfInFuture"
"","71","Policy is accepted ""Jurisdiction Location Reference""","","2026-09-07","passed","2026-09-07","","org.eclipse.tractusx.edc.tests.policy.PolicyDefinitionEndToEndTest","org.eclipse.tractusx.edc.tests.policy.PolicyDefinitionEndToEndTest","shouldAcceptValidPolicyDefinitions"
"","74","4.3.3 Verify invalid access token - iss and sub different","","2026-09-07","passed","2026-09-07","","org.eclipse.dataspacetck.dcp.verification.presentation.verifier.PresentationFlowSection4Test","org.eclipse.dataspacetck.dcp.verification.presentation.verifier.PresentationFlowSection4Test","verifier_04_03_03_idTokenInvalidSub"
"","2532","The Authorization header is missing","","2026-09-07","passed","2026-09-07","","org.eclipse.tractusx.edc.dataplane.tokenrefresh.e2e.DataPlaneTokenRefreshEndToEndTest","org.eclipse.tractusx.edc.dataplane.tokenrefresh.e2e.DataPlaneTokenRefreshEndToEndTest","refresh_missingAuthHeader"
"","2319","The sign key of the authentication token is different from the public key from the DID","","2026-09-07","passed","2026-09-07","","org.eclipse.tractusx.edc.dataplane.tokenrefresh.e2e.DataPlaneTokenRefreshEndToEndTest","org.eclipse.tractusx.edc.dataplane.tokenrefresh.e2e.DataPlaneTokenRefreshEndToEndTest","refresh_spoofedAuthToken"
"","78","Policy is accepted ""Usage Purpose""","","2026-09-07","passed","2026-09-07","","org.eclipse.tractusx.edc.tests.policy.PolicyDefinitionEndToEndTest","org.eclipse.tractusx.edc.tests.policy.PolicyDefinitionEndToEndTest","shouldAcceptValidPolicyDefinitions"
"","65","4.3.3 Verify invalid access token - incorrect aud","","2026-09-07","passed","2026-09-07","","org.eclipse.dataspacetck.dcp.verification.presentation.verifier.PresentationFlowSection4Test","org.eclipse.dataspacetck.dcp.verification.presentation.verifier.PresentationFlowSection4Test","verifier_04_03_03_idTokenIncorrectAud"
"","70","Policy is accepted ""DataExchangeGovernance use case""","","2026-09-07","passed","2026-09-07","","org.eclipse.tractusx.edc.tests.policy.PolicyDefinitionEndToEndTest","org.eclipse.tractusx.edc.tests.policy.PolicyDefinitionEndToEndTest","shouldAcceptValidPolicyDefinitions"
"","15802","Malicious actor should not impersonate a consumer by creating a VP with the consumer membership credential","","2026-09-07","passed","2026-09-07","","org.eclipse.tractusx.edc.tests.transfer.CredentialSpoofTest","org.eclipse.tractusx.edc.tests.transfer.CredentialSpoofTest","shouldNotImpersonateConsumer_withWrappedConsumerCredential"
"","8060","httpPushDataTransfer_withLegacyUsagePolicy()","","2026-09-07","passed","2026-09-07","","org.eclipse.tractusx.edc.tests.transfer.TransferPushEndToEndTest.Dsp08to08","org.eclipse.tractusx.edc.tests.transfer.TransferPushEndToEndTest$Dsp08to08","httpPushDataTransfer_withLegacyUsagePolicy"
"","209","Multiple ContractDefinitions exist for one Asset","","2026-09-07","passed","2026-09-07","","org.eclipse.tractusx.edc.tests.catalog.CatalogTest","org.eclipse.tractusx.edc.tests.catalog.CatalogTest","requestCatalog_multipleOffersForAsset"
"","65","Policy is accepted ""Business Partner Group""","","2026-09-07","passed","2026-09-07","","org.eclipse.tractusx.edc.tests.policy.PolicyDefinitionEndToEndTest","org.eclipse.tractusx.edc.tests.policy.PolicyDefinitionEndToEndTest","shouldAcceptValidPolicyDefinitions"
"","58","Policy is accepted ""Exclusive Usage""","","2026-09-07","passed","2026-09-07","","org.eclipse.tractusx.edc.tests.policy.PolicyDefinitionEndToEndTest","org.eclipse.tractusx.edc.tests.policy.PolicyDefinitionEndToEndTest","shouldAcceptValidPolicyDefinitions"
"","17482","Malicious actor should not impersonate a consumer sending a valid consumer VP","","2026-09-07","passed","2026-09-07","","org.eclipse.tractusx.edc.tests.transfer.CredentialSpoofTest","org.eclipse.tractusx.edc.tests.transfer.CredentialSpoofTest","shouldNotImpersonateConsumer_withConsumerPresentation"
"","48760","transferFile_largeFile(long, Vault) File size bytes: 1073741824","","2026-09-07","passed","2026-09-07","","org.eclipse.tractusx.edc.dataplane.transfer.test.AzureToAzureTest","org.eclipse.tractusx.edc.dataplane.transfer.test.AzureToAzureTest","transferFile_largeFile"
"","5929","transferData_success_withProxyOriginalResponse_withoutSourceResponseBody()","","2026-09-07","passed","2026-09-07","","org.eclipse.tractusx.edc.tests.transfer.TransferPullEndToEndTest.Dsp08to08","org.eclipse.tractusx.edc.tests.transfer.TransferPullEndToEndTest$Dsp08to08","transferData_success_withProxyOriginalResponse_withoutSourceResponseBody"
"","6996","transferData_privateBackend()","","2026-09-07","passed","2026-09-07","","org.eclipse.tractusx.edc.tests.transfer.TransferPullEndToEndTest.Dsp08to08","org.eclipse.tractusx.edc.tests.transfer.TransferPullEndToEndTest$Dsp08to08","transferData_privateBackend"
"","69","5.4.3.6 Verifier should reject a credential that is not yet valid","","2026-09-07","passed","2026-09-07","","org.eclipse.dataspacetck.dcp.verification.presentation.verifier.PresentationFlowSection5Test","org.eclipse.dataspacetck.dcp.verification.presentation.verifier.PresentationFlowSection5Test","verifier_05_04_03_06_presentationResponse_notYetValidCredential"
"","58","Verify the refresh endpoint is not called when token not yet expired","","2026-09-07","passed","2026-09-07","","org.eclipse.tractusx.edc.tests.edrv2.EdrCacheApiEndToEndTest","org.eclipse.tractusx.edc.tests.edrv2.EdrCacheApiEndToEndTest","getEdrWithRefresh_notExpired_shouldNotCallEndpoint"
"","73","Policy is not accepted because definition is not correct ""Policy with mutually exclusive constraints""","","2026-09-07","passed","2026-09-07","","org.eclipse.tractusx.edc.tests.policy.PolicyDefinitionEndToEndTest","org.eclipse.tractusx.edc.tests.policy.PolicyDefinitionEndToEndTest","shouldNotAcceptInvalidPolicyDefinitions"
"","2349","The refresh token does not match the stored one","","2026-09-07","passed","2026-09-07","","org.eclipse.tractusx.edc.dataplane.tokenrefresh.e2e.DataPlaneTokenRefreshEndToEndTest","org.eclipse.tractusx.edc.dataplane.tokenrefresh.e2e.DataPlaneTokenRefreshEndToEndTest","refresh_withWrongRefreshToken"
"","19812","Verify all existing TPs related to an agreement are terminated upon its retirement","","2026-09-07","passed","2026-09-07","","org.eclipse.tractusx.edc.tests.transfer.RetireAgreementTest","org.eclipse.tractusx.edc.tests.transfer.RetireAgreementTest","retireAgreement_shouldCloseTransferProcesses"
"","72","Policy is accepted ""Version Changes""","","2026-09-07","passed","2026-09-07","","org.eclipse.tractusx.edc.tests.policy.PolicyDefinitionEndToEndTest","org.eclipse.tractusx.edc.tests.policy.PolicyDefinitionEndToEndTest","shouldAcceptValidPolicyDefinitions"
"","117","discoveryShouldReturn08DspParams_whenDsp2025NotAvailable_BpnAsIdentifier()","","2026-09-07","passed","2026-09-07","","org.eclipse.tractusx.edc.discovery.e2e.ConnectorParameterDiscoveryTest","org.eclipse.tractusx.edc.discovery.e2e.ConnectorParameterDiscoveryTest","discoveryShouldReturn08DspParams_whenDsp2025NotAvailable_BpnAsIdentifier"
"","36289","shouldTerminateTransfer_whenDataProvisioningEndDatePolicyExpires()","","2026-09-07","passed","2026-09-07","","org.eclipse.tractusx.edc.tests.policy.PolicyMonitorEndToEndTest","org.eclipse.tractusx.edc.tests.policy.PolicyMonitorEndToEndTest","shouldTerminateTransfer_whenDataProvisioningEndDatePolicyExpires"
"","87","Verify HTTP 403 response when refreshing the token is not allowed","","2026-09-07","passed","2026-09-07","","org.eclipse.tractusx.edc.tests.edrv2.EdrCacheApiEndToEndTest","org.eclipse.tractusx.edc.tests.edrv2.EdrCacheApiEndToEndTest","getEdrWithRefresh_unauthorized"
"","2058","transferFolder_targetFolderNotExists_shouldCreate(Vault)","","2026-09-07","passed","2026-09-07","","org.eclipse.tractusx.edc.dataplane.transfer.test.AzureToAzureTest","org.eclipse.tractusx.edc.dataplane.transfer.test.AzureToAzureTest","transferFolder_targetFolderNotExists_shouldCreate"
"","29","discoveryShouldReturn400_ifRequestHasMissingProps()","","2026-09-07","passed","2026-09-07","","org.eclipse.tractusx.edc.discovery.e2e.ConnectorParameterDiscoveryTest","org.eclipse.tractusx.edc.discovery.e2e.ConnectorParameterDiscoveryTest","discoveryShouldReturn400_ifRequestHasMissingProps"
"","6333","transferData_privateBackend()","","2026-09-07","passed","2026-09-07","","org.eclipse.tractusx.edc.tests.transfer.TransferPullEndToEndTest.Dsp2025to2025","org.eclipse.tractusx.edc.tests.transfer.TransferPullEndToEndTest$Dsp2025to2025","transferData_privateBackend"
"","214","Expect the Catalog request to fail if a requested credential is missing","","2026-09-07","passed","2026-09-07","","org.eclipse.tractusx.edc.tests.transfer.DivConsumerPullTest","org.eclipse.tractusx.edc.tests.transfer.DivConsumerPullTest","catalogRequest_whenRequestedCredentialMissing"
"","114","Provider gets 200 when asset selector has a valid criterion","","2026-09-07","passed","2026-09-07","","org.eclipse.tractusx.edc.tests.validators.EmptyAssetSelectorValidatorTest","org.eclipse.tractusx.edc.tests.validators.EmptyAssetSelectorValidatorTest","shouldPass_whenContractDefinitionHasCorrectAssetSelector"
"","2127","transferFile_success()","","2026-09-07","passed","2026-09-07","","org.eclipse.tractusx.edc.dataplane.transfer.test.S3ToS3Test","org.eclipse.tractusx.edc.dataplane.transfer.test.S3ToS3Test","transferFile_success"
"","17226","transferData_withTerminate()","","2026-09-07","passed","2026-09-07","","org.eclipse.tractusx.edc.tests.transfer.TransferPullEndToEndTest.Dsp2025to2025","org.eclipse.tractusx.edc.tests.transfer.TransferPullEndToEndTest$Dsp2025to2025","transferData_withTerminate"
"","62","Policy is accepted ""Data Usage End Date Definition""","","2026-09-07","passed","2026-09-07","","org.eclipse.tractusx.edc.tests.policy.PolicyDefinitionEndToEndTest","org.eclipse.tractusx.edc.tests.policy.PolicyDefinitionEndToEndTest","shouldAcceptValidPolicyDefinitions"
"","3","verifyCorrectParticipantAgentId_forDsp08(DataspaceProfileContextRegistry)","","2026-09-07","passed","2026-09-07","","org.eclipse.tractusx.edc.tests.transfer.IdentityExtractionTest","org.eclipse.tractusx.edc.tests.transfer.IdentityExtractionTest","verifyCorrectParticipantAgentId_forDsp08"
"","2826","transferFile_azureToS3MultipleFiles(Vault)","","2026-09-07","passed","2026-09-07","","org.eclipse.tractusx.edc.dataplane.transfer.test.MultiCloudTest","org.eclipse.tractusx.edc.dataplane.transfer.test.MultiCloudTest","transferFile_azureToS3MultipleFiles"
"","257","Verify that the consumer receives only the offers he is permitted to (using the new BPN validation)","","2026-09-07","passed","2026-09-07","","org.eclipse.tractusx.edc.tests.catalog.CatalogTestDspV08","org.eclipse.tractusx.edc.tests.catalog.CatalogTestDspV08","requestCatalog_filteredByBpn_shouldReject"
"","2","verifyCorrectParticipantAgentId_forDsp2025(DataspaceProfileContextRegistry)","","2026-09-07","passed","2026-09-07","","org.eclipse.tractusx.edc.tests.transfer.IdentityExtractionTest","org.eclipse.tractusx.edc.tests.transfer.IdentityExtractionTest","verifyCorrectParticipantAgentId_forDsp2025"
"","2335","Refresh token success","","2026-09-07","passed","2026-09-07","","org.eclipse.tractusx.edc.dataplane.tokenrefresh.e2e.DataPlaneTokenRefreshEndToEndTest","org.eclipse.tractusx.edc.dataplane.tokenrefresh.e2e.DataPlaneTokenRefreshEndToEndTest","refresh_success"
"","53","Policy is accepted ""Data Usage End Duration Days""","","2026-09-07","passed","2026-09-07","","org.eclipse.tractusx.edc.tests.policy.PolicyDefinitionEndToEndTest","org.eclipse.tractusx.edc.tests.policy.PolicyDefinitionEndToEndTest","shouldAcceptValidPolicyDefinitions"
"","50","Policy is accepted ""ContractTermination""","","2026-09-07","passed","2026-09-07","","org.eclipse.tractusx.edc.tests.policy.PolicyDefinitionEndToEndTest","org.eclipse.tractusx.edc.tests.policy.PolicyDefinitionEndToEndTest","shouldAcceptValidPolicyDefinitions"
"","87","refreshEdr_whenNotAuthorized()","","2026-09-07","passed","2026-09-07","","org.eclipse.tractusx.edc.tests.edrv2.EdrCacheApiEndToEndTest","org.eclipse.tractusx.edc.tests.edrv2.EdrCacheApiEndToEndTest","refreshEdr_whenNotAuthorized"
"","6161","transferData_privateBackend_withConsumerDataPlane()","","2026-09-07","passed","2026-09-07","","org.eclipse.tractusx.edc.tests.transfer.StsConsumerPullTest","org.eclipse.tractusx.edc.tests.transfer.StsConsumerPullTest","transferData_privateBackend_withConsumerDataPlane"
"","244","Verify that the consumer receives only the offers he is permitted to (using the legacy BPN validation)","","2026-09-07","passed","2026-09-07","","org.eclipse.tractusx.edc.tests.catalog.CatalogTestDspV08","org.eclipse.tractusx.edc.tests.catalog.CatalogTestDspV08","requestCatalog_filteredByBpnLegacy_shouldReject"
"","85","5.1 Verifier should accept a valid PresentationResponseMessage","","2026-09-07","passed","2026-09-07","","org.eclipse.dataspacetck.dcp.verification.presentation.verifier.PresentationFlowSection5Test","org.eclipse.dataspacetck.dcp.verification.presentation.verifier.PresentationFlowSection5Test","verifier_05_01_presentationResponse_success"
"","71","Policy is accepted ""Liability""","","2026-09-07","passed","2026-09-07","","org.eclipse.tractusx.edc.tests.policy.PolicyDefinitionEndToEndTest","org.eclipse.tractusx.edc.tests.policy.PolicyDefinitionEndToEndTest","shouldAcceptValidPolicyDefinitions"
"","90","5.4.2.4 Verifier should reject an a presentation where a requested credential is missing","","2026-09-07","passed","2026-09-07","","org.eclipse.dataspacetck.dcp.verification.presentation.verifier.PresentationFlowSection5Test","org.eclipse.dataspacetck.dcp.verification.presentation.verifier.PresentationFlowSection5Test","verifier_05_04_02_04_presentationResponse_emptyCredentials"
"","29","Verifier should reject an auth token without the Bearer prefix","","2026-09-07","passed","2026-09-07","","org.eclipse.dataspacetck.dcp.verification.presentation.verifier.PresentationFlowSection4Test","org.eclipse.dataspacetck.dcp.verification.presentation.verifier.PresentationFlowSection4Test","presentationResponse_rejectMissingBearerPrefix"
"","169799","assertDspCompatibility()","","2026-09-07","passed","2026-09-07","","org.eclipse.tractusx.edc.tests.tck.dsp.EdcCompatibilityPostgresTest","org.eclipse.tractusx.edc.tests.tck.dsp.EdcCompatibilityPostgresTest","assertDspCompatibility"
"","61","Policy is not accepted because definition is not correct ""Access policy permission with not allowed constraints""","","2026-09-07","passed","2026-09-07","","org.eclipse.tractusx.edc.tests.policy.PolicyDefinitionEndToEndTest","org.eclipse.tractusx.edc.tests.policy.PolicyDefinitionEndToEndTest","shouldNotAcceptInvalidPolicyDefinitions"
"","15371","azureBlobPush_withoutDestFolder()","","2026-09-07","passed","2026-09-07","","org.eclipse.tractusx.edc.tests.transfer.AzureToAzureEndToEndTest","org.eclipse.tractusx.edc.tests.transfer.AzureToAzureEndToEndTest","azureBlobPush_withoutDestFolder"
"","6013","transferData_unsuccessful_notReturnOriginalSourceResponseCode_withTerminate()","","2026-09-07","passed","2026-09-07","","org.eclipse.tractusx.edc.tests.transfer.TransferPullEndToEndTest.Dsp2025to2025","org.eclipse.tractusx.edc.tests.transfer.TransferPullEndToEndTest$Dsp2025to2025","transferData_unsuccessful_notReturnOriginalSourceResponseCode_withTerminate"
"","170","shouldFail_whenUpdatingPolicyThatIsReferencedByContractDefinition()","","2026-09-07","passed","2026-09-07","","org.eclipse.tractusx.edc.tests.validators.ContractDefinitionPoliciesValidatorsTest","org.eclipse.tractusx.edc.tests.validators.ContractDefinitionPoliciesValidatorsTest","shouldFail_whenUpdatingPolicyThatIsReferencedByContractDefinition"
"","10067","transferData_withExpiredEdr_shouldReturn4xx()","","2026-09-07","passed","2026-09-07","","org.eclipse.tractusx.edc.tests.transfer.TransferWithTokenRefreshTest","org.eclipse.tractusx.edc.tests.transfer.TransferWithTokenRefreshTest","transferData_withExpiredEdr_shouldReturn4xx"
"","66","triggerDataTransfer_shouldFail_whenDataFlowIsNotInStartedState()","","2026-09-07","passed","2026-09-07","","org.eclipse.tractusx.edc.tests.transfer.DataFlowApiEndToEndTest","org.eclipse.tractusx.edc.tests.transfer.DataFlowApiEndToEndTest","triggerDataTransfer_shouldFail_whenDataFlowIsNotInStartedState"
"","59","Policy is accepted ""Liability""","","2026-09-07","passed","2026-09-07","","org.eclipse.tractusx.edc.tests.policy.PolicyDefinitionEndToEndTest","org.eclipse.tractusx.edc.tests.policy.PolicyDefinitionEndToEndTest","shouldAcceptValidPolicyDefinitions"
"","2081","transferMultipleFile_success(Vault)","","2026-09-07","passed","2026-09-07","","org.eclipse.tractusx.edc.dataplane.transfer.test.AzureToAzureTest","org.eclipse.tractusx.edc.dataplane.transfer.test.AzureToAzureTest","transferMultipleFile_success"
"","1230","Expect the Catalog request to fail if a credential is expired","","2026-09-07","passed","2026-09-07","","org.eclipse.tractusx.edc.tests.transfer.DivConsumerPullTest","org.eclipse.tractusx.edc.tests.transfer.DivConsumerPullTest","catalogRequest_whenCredentialExpired"
"","51","Policy is accepted ""Empty Policy""","","2026-09-07","passed","2026-09-07","","org.eclipse.tractusx.edc.tests.policy.PolicyDefinitionEndToEndTest","org.eclipse.tractusx.edc.tests.policy.PolicyDefinitionEndToEndTest","shouldAcceptValidPolicyDefinitions"
"","55","Policy is accepted ""Access policy with empty permission""","","2026-09-07","passed","2026-09-07","","org.eclipse.tractusx.edc.tests.policy.PolicyDefinitionEndToEndTest","org.eclipse.tractusx.edc.tests.policy.PolicyDefinitionEndToEndTest","shouldAcceptValidPolicyDefinitions"
"","49","Policy is accepted ""Contract reference""","","2026-09-07","passed","2026-09-07","","org.eclipse.tractusx.edc.tests.policy.PolicyDefinitionEndToEndTest","org.eclipse.tractusx.edc.tests.policy.PolicyDefinitionEndToEndTest","shouldAcceptValidPolicyDefinitions"
"","10366","transferData_withAutomaticRefresh()","","2026-09-07","passed","2026-09-07","","org.eclipse.tractusx.edc.tests.transfer.TransferWithTokenRefreshTest","org.eclipse.tractusx.edc.tests.transfer.TransferWithTokenRefreshTest","transferData_withAutomaticRefresh"
"","3729","Run TCK Presentation Flow tests","","2026-09-07","passed","2026-09-07","","org.eclipse.tractusx.edc.tests.tck.dcp.DcpPresentationFlowTest","org.eclipse.tractusx.edc.tests.tck.dcp.DcpPresentationFlowTest","runPresentationFlowTests"
"","51","Policy is accepted ""Empty Policy""","","2026-09-07","passed","2026-09-07","","org.eclipse.tractusx.edc.tests.policy.PolicyDefinitionEndToEndTest","org.eclipse.tractusx.edc.tests.policy.PolicyDefinitionEndToEndTest","shouldAcceptValidPolicyDefinitions"
"","114","Policy is accepted ""MembershipCredential""","","2026-09-07","passed","2026-09-07","","org.eclipse.tractusx.edc.tests.policy.PolicyDefinitionEndToEndTest","org.eclipse.tractusx.edc.tests.policy.PolicyDefinitionEndToEndTest","shouldAcceptValidPolicyDefinitions"
"","111","BusinessPartnerDeleted event is published","","2026-09-07","passed","2026-09-07","","org.eclipse.tractusx.edc.tests.bpn.events.BusinessPartnerEventTest","org.eclipse.tractusx.edc.tests.bpn.events.BusinessPartnerEventTest","shouldPublishBusinessPartnerDeletedEvent"
"","61","Policy is accepted ""Business Partner Group""","","2026-09-07","passed","2026-09-07","","org.eclipse.tractusx.edc.tests.policy.PolicyDefinitionEndToEndTest","org.eclipse.tractusx.edc.tests.policy.PolicyDefinitionEndToEndTest","shouldAcceptValidPolicyDefinitions"
"","55","Policy is not accepted because definition is not correct ""Usage policy prohibition with not allowed constraints""","","2026-09-07","passed","2026-09-07","","org.eclipse.tractusx.edc.tests.policy.PolicyDefinitionEndToEndTest","org.eclipse.tractusx.edc.tests.policy.PolicyDefinitionEndToEndTest","shouldNotAcceptInvalidPolicyDefinitions"
"","111","5.4.3.6 Verifier should reject Presentations where at least 1 credential is revoked/suspended","","2026-09-07","passed","2026-09-07","","org.eclipse.dataspacetck.dcp.verification.presentation.verifier.PresentationFlowSection5Test","org.eclipse.dataspacetck.dcp.verification.presentation.verifier.PresentationFlowSection5Test","verifier_05_04_03_06_presentationResponse_credentialRevoked"
"","71","Expect the Catalog request to fail if a requested credential is missing","","2026-09-07","passed","2026-09-07","","org.eclipse.tractusx.edc.tests.transfer.StsConsumerPullTest","org.eclipse.tractusx.edc.tests.transfer.StsConsumerPullTest","catalogRequest_whenRequestedCredentialMissing"
"","176","Consumer gets catalog from the provider. No constraints.","","2026-09-07","passed","2026-09-07","","org.eclipse.tractusx.edc.tests.catalog.CatalogTestDspV08","org.eclipse.tractusx.edc.tests.catalog.CatalogTestDspV08","requestCatalog_fulfillsPolicy_shouldReturnOffer"
"","84","Policy is not accepted because definition is not correct ""Policy with different actions types""","","2026-09-07","passed","2026-09-07","","org.eclipse.tractusx.edc.tests.policy.PolicyDefinitionEndToEndTest","org.eclipse.tractusx.edc.tests.policy.PolicyDefinitionEndToEndTest","shouldNotAcceptInvalidPolicyDefinitions"
"","73","Policy is accepted ""Warranty Duration Months""","","2026-09-07","passed","2026-09-07","","org.eclipse.tractusx.edc.tests.policy.PolicyDefinitionEndToEndTest","org.eclipse.tractusx.edc.tests.policy.PolicyDefinitionEndToEndTest","shouldAcceptValidPolicyDefinitions"
"","5649","When multiple requests to refresh, to different edrs, verify all return non expired token","","2026-09-07","passed","2026-09-07","","org.eclipse.tractusx.edc.tests.edrv2.EdrCacheApiEndToEndTest","org.eclipse.tractusx.edc.tests.edrv2.EdrCacheApiEndToEndTest","getEdrWithRefresh_subsequentRequestReturn"
"","50","Policy is not accepted because definition is not correct ""Usage policy obligation with not allowed constraints""","","2026-09-07","passed","2026-09-07","","org.eclipse.tractusx.edc.tests.policy.PolicyDefinitionEndToEndTest","org.eclipse.tractusx.edc.tests.policy.PolicyDefinitionEndToEndTest","shouldNotAcceptInvalidPolicyDefinitions"
"","116","shouldFail_whenContractPolicyDefinedAsAccessPolicy()","","2026-09-07","passed","2026-09-07","","org.eclipse.tractusx.edc.tests.validators.ContractDefinitionPoliciesValidatorsTest","org.eclipse.tractusx.edc.tests.validators.ContractDefinitionPoliciesValidatorsTest","shouldFail_whenContractPolicyDefinedAsAccessPolicy"
"","9655","transferData_withSuspendResume()","","2026-09-07","passed","2026-09-07","","org.eclipse.tractusx.edc.tests.transfer.TransferPullEndToEndTest.Dsp2025to2025","org.eclipse.tractusx.edc.tests.transfer.TransferPullEndToEndTest$Dsp2025to2025","transferData_withSuspendResume"
"","2429","The Authorization header is empty","","2026-09-07","passed","2026-09-07","","org.eclipse.tractusx.edc.dataplane.tokenrefresh.e2e.DataPlaneTokenRefreshEndToEndTest","org.eclipse.tractusx.edc.dataplane.tokenrefresh.e2e.DataPlaneTokenRefreshEndToEndTest","refresh_emptyAuthHeader"
"","548","shouldPass_whenContractDefinitionHasCorrectPolicies()","","2026-09-07","passed","2026-09-07","","org.eclipse.tractusx.edc.tests.validators.ContractDefinitionPoliciesValidatorsTest","org.eclipse.tractusx.edc.tests.validators.ContractDefinitionPoliciesValidatorsTest","shouldPass_whenContractDefinitionHasCorrectPolicies"
"","46","Policy is accepted ""Confidential Information Measures""","","2026-09-07","passed","2026-09-07","","org.eclipse.tractusx.edc.tests.policy.PolicyDefinitionEndToEndTest","org.eclipse.tractusx.edc.tests.policy.PolicyDefinitionEndToEndTest","shouldAcceptValidPolicyDefinitions"
"","2052","transferFile_targetContainerNotExist_shouldFail(Vault)","","2026-09-07","passed","2026-09-07","","org.eclipse.tractusx.edc.dataplane.transfer.test.AzureToAzureTest","org.eclipse.tractusx.edc.dataplane.transfer.test.AzureToAzureTest","transferFile_targetContainerNotExist_shouldFail"
"","57","Policy is accepted ""Business Partner Number""","","2026-09-07","passed","2026-09-07","","org.eclipse.tractusx.edc.tests.policy.PolicyDefinitionEndToEndTest","org.eclipse.tractusx.edc.tests.policy.PolicyDefinitionEndToEndTest","shouldAcceptValidPolicyDefinitions"
"","104","X.X Verifier should reject Presentations where at least 1 credential schema is violated","","2026-09-07","passed","2026-09-07","","org.eclipse.dataspacetck.dcp.verification.presentation.verifier.PresentationFlowSection5Test","org.eclipse.dataspacetck.dcp.verification.presentation.verifier.PresentationFlowSection5Test","verifier_x_x_presentationResponse_invalidCredentialSchema"
"","43","Policy is not accepted because definition is not correct ""Policy with unknown actions types""","","2026-09-07","passed","2026-09-07","","org.eclipse.tractusx.edc.tests.policy.PolicyDefinitionEndToEndTest","org.eclipse.tractusx.edc.tests.policy.PolicyDefinitionEndToEndTest","shouldNotAcceptInvalidPolicyDefinitions"
"","60","discoveryShouldReturn502_ifMetadaEndpointNotReachable()","","2026-09-07","passed","2026-09-07","","org.eclipse.tractusx.edc.discovery.e2e.ConnectorParameterDiscoveryTest","org.eclipse.tractusx.edc.discovery.e2e.ConnectorParameterDiscoveryTest","discoveryShouldReturn502_ifMetadaEndpointNotReachable"
"","241","Expect the Catalog request to fail if a credential has an invalid credential subject id","","2026-09-07","passed","2026-09-07","","org.eclipse.tractusx.edc.tests.transfer.DivConsumerPullTest","org.eclipse.tractusx.edc.tests.transfer.DivConsumerPullTest","catalogRequest_whenCredentialSubjectIdIsInvalid"
"","68","Policy is accepted ""Affiliates BPNL""","","2026-09-07","passed","2026-09-07","","org.eclipse.tractusx.edc.tests.policy.PolicyDefinitionEndToEndTest","org.eclipse.tractusx.edc.tests.policy.PolicyDefinitionEndToEndTest","shouldAcceptValidPolicyDefinitions"
"","55","Policy is not accepted because definition is not correct ""Usage policy prohibition with not allowed constraints""","","2026-09-07","passed","2026-09-07","","org.eclipse.tractusx.edc.tests.policy.PolicyDefinitionEndToEndTest","org.eclipse.tractusx.edc.tests.policy.PolicyDefinitionEndToEndTest","shouldNotAcceptInvalidPolicyDefinitions"
"","53","5.4.2.3 Verifier should reject an empty 'presentation' array","","2026-09-07","passed","2026-09-07","","org.eclipse.dataspacetck.dcp.verification.presentation.verifier.PresentationFlowSection5Test","org.eclipse.dataspacetck.dcp.verification.presentation.verifier.PresentationFlowSection5Test","verifier_05_04_02_03_presentationResponse_emptyPresentations"
"","9878","kafkaPullTransfer_consumerReceivesMessages()","","2026-09-07","passed","2026-09-07","","org.eclipse.tractusx.edc.tests.transfer.KafkaPullEndToEndTest","org.eclipse.tractusx.edc.tests.transfer.KafkaPullEndToEndTest","kafkaPullTransfer_consumerReceivesMessages"
"","2049","transferFile_azureToS3(Vault)","","2026-09-07","passed","2026-09-07","","org.eclipse.tractusx.edc.dataplane.transfer.test.MultiCloudTest","org.eclipse.tractusx.edc.dataplane.transfer.test.MultiCloudTest","transferFile_azureToS3"
"","860","triggerDataTransfer_shouldFail_whenDataFlowIsNotPushFlowType()","","2026-09-07","passed","2026-09-07","","org.eclipse.tractusx.edc.tests.transfer.DataFlowApiEndToEndTest","org.eclipse.tractusx.edc.tests.transfer.DataFlowApiEndToEndTest","triggerDataTransfer_shouldFail_whenDataFlowIsNotPushFlowType"
"","62","Policy is accepted ""Liability""","","2026-09-07","passed","2026-09-07","","org.eclipse.tractusx.edc.tests.policy.PolicyDefinitionEndToEndTest","org.eclipse.tractusx.edc.tests.policy.PolicyDefinitionEndToEndTest","shouldAcceptValidPolicyDefinitions"
"","6134","transferData_privateBackend_withConsumerDataPlane()","","2026-09-07","passed","2026-09-07","","org.eclipse.tractusx.edc.tests.transfer.DivConsumerPullTest","org.eclipse.tractusx.edc.tests.transfer.DivConsumerPullTest","transferData_privateBackend_withConsumerDataPlane"
"","1979","trigger_shouldReturnSuccess_whenAllValidationsSucceed()","","2026-09-07","passed","2026-09-07","","org.eclipse.tractusx.edc.tests.transfer.DataFlowApiEndToEndTest","org.eclipse.tractusx.edc.tests.transfer.DataFlowApiEndToEndTest","trigger_shouldReturnSuccess_whenAllValidationsSucceed"
"","6317","Contract policy is fulfilled ""DataExchangeGovernance use case""","","2026-09-07","passed","2026-09-07","","org.eclipse.tractusx.edc.tests.transfer.StsConsumerPullTest","org.eclipse.tractusx.edc.tests.transfer.StsConsumerPullTest","transferData_whenContractPolicyFulfilled"
"","37178","transferFile_largeFile(long, Vault) File size bytes: 536870912","","2026-09-07","passed","2026-09-07","","org.eclipse.tractusx.edc.dataplane.transfer.test.AzureToAzureTest","org.eclipse.tractusx.edc.dataplane.transfer.test.AzureToAzureTest","transferFile_largeFile"
"","69","Policy is accepted ""Data Usage End Duration Days""","","2026-09-07","passed","2026-09-07","","org.eclipse.tractusx.edc.tests.policy.PolicyDefinitionEndToEndTest","org.eclipse.tractusx.edc.tests.policy.PolicyDefinitionEndToEndTest","shouldAcceptValidPolicyDefinitions"
"","108","BusinessPartnerUpdated event is published","","2026-09-07","passed","2026-09-07","","org.eclipse.tractusx.edc.tests.bpn.events.BusinessPartnerEventTest","org.eclipse.tractusx.edc.tests.bpn.events.BusinessPartnerEventTest","shouldPublishBusinessPartnerUpdatedEvent"
"","8061","transferData_successful_notReturnOriginalSourceResponseCode_withTerminate()","","2026-09-07","passed","2026-09-07","","org.eclipse.tractusx.edc.tests.transfer.TransferPullEndToEndTest.Dsp08to08","org.eclipse.tractusx.edc.tests.transfer.TransferPullEndToEndTest$Dsp08to08","transferData_successful_notReturnOriginalSourceResponseCode_withTerminate"
"","249","Verify that the consumer receives only the offers he is permitted to (using the new BPN validation)","","2026-09-07","passed","2026-09-07","","org.eclipse.tractusx.edc.tests.catalog.CatalogTest","org.eclipse.tractusx.edc.tests.catalog.CatalogTest","requestCatalog_filteredByBpn_shouldReject"
"","1855","shouldDelegateAuth()","","2026-09-07","passed","2026-09-07","","org.eclipse.tractusx.edc.tests.auth.DelegatedAuthEndToEndTest","org.eclipse.tractusx.edc.tests.auth.DelegatedAuthEndToEndTest","shouldDelegateAuth"
"","55","Policy is accepted ""Enforce data usage end date 1 day in the future""","","2026-09-07","passed","2026-09-07","","org.eclipse.tractusx.edc.tests.policy.PolicyDefinitionEndToEndTest","org.eclipse.tractusx.edc.tests.policy.PolicyDefinitionEndToEndTest","shouldAcceptValidPolicyDefinitions"
"","6972","transferData_failing_withProxyOriginalResponse_withoutSourceResponseBody()","","2026-09-07","passed","2026-09-07","","org.eclipse.tractusx.edc.tests.transfer.TransferPullEndToEndTest.Dsp08to08","org.eclipse.tractusx.edc.tests.transfer.TransferPullEndToEndTest$Dsp08to08","transferData_failing_withProxyOriginalResponse_withoutSourceResponseBody"
"","44","Policy is accepted ""Business Partner Number""","","2026-09-07","passed","2026-09-07","","org.eclipse.tractusx.edc.tests.policy.PolicyDefinitionEndToEndTest","org.eclipse.tractusx.edc.tests.policy.PolicyDefinitionEndToEndTest","shouldAcceptValidPolicyDefinitions"
"","7158","transferData_success_withProxyOriginalResponse()","","2026-09-07","passed","2026-09-07","","org.eclipse.tractusx.edc.tests.transfer.TransferPullEndToEndTest.Dsp2025to2025","org.eclipse.tractusx.edc.tests.transfer.TransferPullEndToEndTest$Dsp2025to2025","transferData_success_withProxyOriginalResponse"
"","46","Verifier should resolve the DID from the prover's ID token","","2026-09-07","passed","2026-09-07","","org.eclipse.dataspacetck.dcp.verification.presentation.verifier.PresentationFlowSection5Test","org.eclipse.dataspacetck.dcp.verification.presentation.verifier.PresentationFlowSection5Test","presentationResponse_endpointDiscovery"
"","69","triggerDataTransfer_shouldFail_whenDataFlowIsFinite()","","2026-09-07","passed","2026-09-07","","org.eclipse.tractusx.edc.tests.transfer.DataFlowApiEndToEndTest","org.eclipse.tractusx.edc.tests.transfer.DataFlowApiEndToEndTest","triggerDataTransfer_shouldFail_whenDataFlowIsFinite"
"","66","Policy is accepted ""Jurisdiction Location""","","2026-09-07","passed","2026-09-07","","org.eclipse.tractusx.edc.tests.policy.PolicyDefinitionEndToEndTest","org.eclipse.tractusx.edc.tests.policy.PolicyDefinitionEndToEndTest","shouldAcceptValidPolicyDefinitions"
"","13393","httpPushNonFiniteDataTransfer()","","2026-09-07","passed","2026-09-07","","org.eclipse.tractusx.edc.tests.transfer.TransferPushEndToEndTest.Dsp2025to2025","org.eclipse.tractusx.edc.tests.transfer.TransferPushEndToEndTest$Dsp2025to2025","httpPushNonFiniteDataTransfer"
"","10196","transferData_withSuspendResume()","","2026-09-07","passed","2026-09-07","","org.eclipse.tractusx.edc.tests.transfer.TransferPullEndToEndTest.Dsp08to08","org.eclipse.tractusx.edc.tests.transfer.TransferPullEndToEndTest$Dsp08to08","transferData_withSuspendResume"
"","5989","transferData_privateBackend_withConsumerDataPlane()","","2026-09-07","passed","2026-09-07","","org.eclipse.tractusx.edc.tests.transfer.TransferPullEndToEndTest.Dsp2025to2025","org.eclipse.tractusx.edc.tests.transfer.TransferPullEndToEndTest$Dsp2025to2025","transferData_privateBackend_withConsumerDataPlane"
"","8257","httpPushDataTransfer_withLegacyUsagePolicy()","","2026-09-07","passed","2026-09-07","","org.eclipse.tractusx.edc.tests.transfer.TransferPushEndToEndTest.Dsp2025to2025","org.eclipse.tractusx.edc.tests.transfer.TransferPushEndToEndTest$Dsp2025to2025","httpPushDataTransfer_withLegacyUsagePolicy"
"","44","Policy is not accepted because definition is not correct ""Access Policy with prohibition rule""","","2026-09-07","passed","2026-09-07","","org.eclipse.tractusx.edc.tests.policy.PolicyDefinitionEndToEndTest","org.eclipse.tractusx.edc.tests.policy.PolicyDefinitionEndToEndTest","shouldNotAcceptInvalidPolicyDefinitions"
"","89","Policy is accepted ""Affiliates Region (IS_ANY_OF, one element)""","","2026-09-07","passed","2026-09-07","","org.eclipse.tractusx.edc.tests.policy.PolicyDefinitionEndToEndTest","org.eclipse.tractusx.edc.tests.policy.PolicyDefinitionEndToEndTest","shouldAcceptValidPolicyDefinitions"
"","81","Policy is accepted ""DataExchangeGovernance use case""","","2026-09-07","passed","2026-09-07","","org.eclipse.tractusx.edc.tests.policy.PolicyDefinitionEndToEndTest","org.eclipse.tractusx.edc.tests.policy.PolicyDefinitionEndToEndTest","shouldAcceptValidPolicyDefinitions"
"","50","Policy is accepted ""Exclusive Usage""","","2026-09-07","passed","2026-09-07","","org.eclipse.tractusx.edc.tests.policy.PolicyDefinitionEndToEndTest","org.eclipse.tractusx.edc.tests.policy.PolicyDefinitionEndToEndTest","shouldAcceptValidPolicyDefinitions"
"","58","Policy is accepted ""Warranty""","","2026-09-07","passed","2026-09-07","","org.eclipse.tractusx.edc.tests.policy.PolicyDefinitionEndToEndTest","org.eclipse.tractusx.edc.tests.policy.PolicyDefinitionEndToEndTest","shouldAcceptValidPolicyDefinitions"
"","6189","transferData_privateBackend_withConsumerDataPlane()","","2026-09-07","passed","2026-09-07","","org.eclipse.tractusx.edc.tests.transfer.TransferPullEndToEndTest.Dsp08to08","org.eclipse.tractusx.edc.tests.transfer.TransferPullEndToEndTest$Dsp08to08","transferData_privateBackend_withConsumerDataPlane"
"","587","Expect the Catalog request to fail if a credential is revoked","","2026-09-07","passed","2026-09-07","","org.eclipse.tractusx.edc.tests.transfer.DivConsumerPullTest","org.eclipse.tractusx.edc.tests.transfer.DivConsumerPullTest","catalogRequest_whenCredentialRevoked"
"","78","refreshEdr_whenNotFound()","","2026-09-07","passed","2026-09-07","","org.eclipse.tractusx.edc.tests.edrv2.EdrCacheApiEndToEndTest","org.eclipse.tractusx.edc.tests.edrv2.EdrCacheApiEndToEndTest","refreshEdr_whenNotFound"
"","11248","azureBlobPush_containerNotExist()","","2026-09-07","passed","2026-09-07","","org.eclipse.tractusx.edc.tests.transfer.AzureToAzureEndToEndTest","org.eclipse.tractusx.edc.tests.transfer.AzureToAzureEndToEndTest","azureBlobPush_containerNotExist"
"","207","Verify that the consumer receives only the offers he is permitted to (using BPN group validation)","","2026-09-07","passed","2026-09-07","","org.eclipse.tractusx.edc.tests.catalog.CatalogTest","org.eclipse.tractusx.edc.tests.catalog.CatalogTest","requestCatalog_filteredByBpnGroup_shouldReturnOffer"
"","5774","Contract policy is fulfilled ""MembershipCredential""","","2026-09-07","passed","2026-09-07","","org.eclipse.tractusx.edc.tests.transfer.StsConsumerPullTest","org.eclipse.tractusx.edc.tests.transfer.StsConsumerPullTest","transferData_whenContractPolicyFulfilled"
"","2085","transferFile_s3ToAzureMultipleFiles_whenConsumerDefinesBloblName_success(Vault)","","2026-09-07","passed","2026-09-07","","org.eclipse.tractusx.edc.dataplane.transfer.test.MultiCloudTest","org.eclipse.tractusx.edc.dataplane.transfer.test.MultiCloudTest","transferFile_s3ToAzureMultipleFiles_whenConsumerDefinesBloblName_success"
"","72","Policy is accepted ""Warranty""","","2026-09-07","passed","2026-09-07","","org.eclipse.tractusx.edc.tests.policy.PolicyDefinitionEndToEndTest","org.eclipse.tractusx.edc.tests.policy.PolicyDefinitionEndToEndTest","shouldAcceptValidPolicyDefinitions"
"","93","Policy is accepted ""Affiliates Region""","","2026-09-07","passed","2026-09-07","","org.eclipse.tractusx.edc.tests.policy.PolicyDefinitionEndToEndTest","org.eclipse.tractusx.edc.tests.policy.PolicyDefinitionEndToEndTest","shouldAcceptValidPolicyDefinitions"
"","80","Policy is accepted ""Version Changes""","","2026-09-07","passed","2026-09-07","","org.eclipse.tractusx.edc.tests.policy.PolicyDefinitionEndToEndTest","org.eclipse.tractusx.edc.tests.policy.PolicyDefinitionEndToEndTest","shouldAcceptValidPolicyDefinitions"
"","2048","transferFile_s3ToAzure(Vault)","","2026-09-07","passed","2026-09-07","","org.eclipse.tractusx.edc.dataplane.transfer.test.MultiCloudTest","org.eclipse.tractusx.edc.dataplane.transfer.test.MultiCloudTest","transferFile_s3ToAzure"
"","67","Policy is accepted ""Warranty Definition""","","2026-09-07","passed","2026-09-07","","org.eclipse.tractusx.edc.tests.policy.PolicyDefinitionEndToEndTest","org.eclipse.tractusx.edc.tests.policy.PolicyDefinitionEndToEndTest","shouldAcceptValidPolicyDefinitions"
"","51","Policy is not accepted because definition is not correct ""Usage policy permission with not allowed constraints""","","2026-09-07","passed","2026-09-07","","org.eclipse.tractusx.edc.tests.policy.PolicyDefinitionEndToEndTest","org.eclipse.tractusx.edc.tests.policy.PolicyDefinitionEndToEndTest","shouldNotAcceptInvalidPolicyDefinitions"
"","53","5.4.3.7 Verifier should reject an expired credential","","2026-09-07","passed","2026-09-07","","org.eclipse.dataspacetck.dcp.verification.presentation.verifier.PresentationFlowSection5Test","org.eclipse.dataspacetck.dcp.verification.presentation.verifier.PresentationFlowSection5Test","verifier_05_04_03_07_presentationResponse_expiredCredential"
"","12345","httpPushNonFiniteDataTransfer()","","2026-09-07","passed","2026-09-07","","org.eclipse.tractusx.edc.tests.transfer.TransferPushEndToEndTest.Dsp08to08","org.eclipse.tractusx.edc.tests.transfer.TransferPushEndToEndTest$Dsp08to08","httpPushNonFiniteDataTransfer"
"","6660","transferData_unsuccessful_notReturnOriginalSourceResponseCode_withTerminate()","","2026-09-07","passed","2026-09-07","","org.eclipse.tractusx.edc.tests.transfer.TransferPullEndToEndTest.Dsp08to08","org.eclipse.tractusx.edc.tests.transfer.TransferPullEndToEndTest$Dsp08to08","transferData_unsuccessful_notReturnOriginalSourceResponseCode_withTerminate"
"","10320","transferFile_success()","","2026-09-07","passed","2026-09-07","","org.eclipse.tractusx.edc.tests.transfer.S3ToS3EndToEndTest","org.eclipse.tractusx.edc.tests.transfer.S3ToS3EndToEndTest","transferFile_success"
"","6188","transferData_success_withProxyOriginalResponse_withoutSourceResponseBody()","","2026-09-07","passed","2026-09-07","","org.eclipse.tractusx.edc.tests.transfer.TransferPullEndToEndTest.Dsp2025to2025","org.eclipse.tractusx.edc.tests.transfer.TransferPullEndToEndTest$Dsp2025to2025","transferData_success_withProxyOriginalResponse_withoutSourceResponseBody"
"","776","Policy is not accepted because definition is not correct ""Usage policy with empty permission""","","2026-09-07","passed","2026-09-07","","org.eclipse.tractusx.edc.tests.policy.PolicyDefinitionEndToEndTest","org.eclipse.tractusx.edc.tests.policy.PolicyDefinitionEndToEndTest","shouldNotAcceptInvalidPolicyDefinitions"
"","312","retireAgreement_shouldFail_whenAgreementDoesNotExist()","","2026-09-07","passed","2026-09-07","","org.eclipse.tractusx.edc.tests.transfer.RetireAgreementTest","org.eclipse.tractusx.edc.tests.transfer.RetireAgreementTest","retireAgreement_shouldFail_whenAgreementDoesNotExist"
"","490","refreshEdr()","","2026-09-07","passed","2026-09-07","","org.eclipse.tractusx.edc.tests.edrv2.EdrCacheApiEndToEndTest","org.eclipse.tractusx.edc.tests.edrv2.EdrCacheApiEndToEndTest","refreshEdr"
"","86","5.4.2.2 Verifier should accept a presentation response message that contains more credentials than requested","","2026-09-07","passed","2026-09-07","","org.eclipse.dataspacetck.dcp.verification.presentation.verifier.PresentationFlowSection5Test","org.eclipse.dataspacetck.dcp.verification.presentation.verifier.PresentationFlowSection5Test","verifier_05_04_02_02_presentationResponse_tooManyCredentials"
"","13362","kafkaPullTransfer_terminationRevokesToken()","","2026-09-07","passed","2026-09-07","","org.eclipse.tractusx.edc.tests.transfer.KafkaPullEndToEndTest","org.eclipse.tractusx.edc.tests.transfer.KafkaPullEndToEndTest","kafkaPullTransfer_terminationRevokesToken"
"","126","discoveryShouldReturn400_whenNoProtocolsAvailable()","","2026-09-07","passed","2026-09-07","","org.eclipse.tractusx.edc.discovery.e2e.ConnectorParameterDiscoveryTest","org.eclipse.tractusx.edc.discovery.e2e.ConnectorParameterDiscoveryTest","discoveryShouldReturn400_whenNoProtocolsAvailable"
"","63","Policy is accepted ""Precedence""","","2026-09-07","passed","2026-09-07","","org.eclipse.tractusx.edc.tests.policy.PolicyDefinitionEndToEndTest","org.eclipse.tractusx.edc.tests.policy.PolicyDefinitionEndToEndTest","shouldAcceptValidPolicyDefinitions"
"","49","Policy is not accepted because definition is not correct ""Access policy permission with not allowed constraints""","","2026-09-07","passed","2026-09-07","","org.eclipse.tractusx.edc.tests.policy.PolicyDefinitionEndToEndTest","org.eclipse.tractusx.edc.tests.policy.PolicyDefinitionEndToEndTest","shouldNotAcceptInvalidPolicyDefinitions"
"","56","Policy is accepted ""Confidential Information Sharing""","","2026-09-07","passed","2026-09-07","","org.eclipse.tractusx.edc.tests.policy.PolicyDefinitionEndToEndTest","org.eclipse.tractusx.edc.tests.policy.PolicyDefinitionEndToEndTest","shouldAcceptValidPolicyDefinitions"
"","67","Policy is accepted ""Contract reference""","","2026-09-07","passed","2026-09-07","","org.eclipse.tractusx.edc.tests.policy.PolicyDefinitionEndToEndTest","org.eclipse.tractusx.edc.tests.policy.PolicyDefinitionEndToEndTest","shouldAcceptValidPolicyDefinitions"
"","88","Policy is accepted ""Usage Purpose""","","2026-09-07","passed","2026-09-07","","org.eclipse.tractusx.edc.tests.policy.PolicyDefinitionEndToEndTest","org.eclipse.tractusx.edc.tests.policy.PolicyDefinitionEndToEndTest","shouldAcceptValidPolicyDefinitions"
"","7814","Contract policy is fulfilled ""MembershipCredential""","","2026-09-07","passed","2026-09-07","","org.eclipse.tractusx.edc.tests.transfer.DivConsumerPullTest","org.eclipse.tractusx.edc.tests.transfer.DivConsumerPullTest","transferData_whenContractPolicyFulfilled"
"","70","Policy is accepted ""Enforce data usage end date 1 day in the future""","","2026-09-07","passed","2026-09-07","","org.eclipse.tractusx.edc.tests.policy.PolicyDefinitionEndToEndTest","org.eclipse.tractusx.edc.tests.policy.PolicyDefinitionEndToEndTest","shouldAcceptValidPolicyDefinitions"
"","34629","shouldTerminateTransfer_whenDataUsageEndDatePolicyExpires()","","2026-09-07","passed","2026-09-07","","org.eclipse.tractusx.edc.tests.policy.PolicyMonitorEndToEndTest","org.eclipse.tractusx.edc.tests.policy.PolicyMonitorEndToEndTest","shouldTerminateTransfer_whenDataUsageEndDatePolicyExpires"
"","2060","transferMultipleFiles()","","2026-09-07","passed","2026-09-07","","org.eclipse.tractusx.edc.dataplane.transfer.test.S3ToS3Test","org.eclipse.tractusx.edc.dataplane.transfer.test.S3ToS3Test","transferMultipleFiles"
"","46","Policy is accepted ""Data Usage End Date""","","2026-09-07","passed","2026-09-07","","org.eclipse.tractusx.edc.tests.policy.PolicyDefinitionEndToEndTest","org.eclipse.tractusx.edc.tests.policy.PolicyDefinitionEndToEndTest","shouldAcceptValidPolicyDefinitions"
"","240","Verify that the consumer receives only the offers he is permitted to (using the legacy BPN validation)","","2026-09-07","passed","2026-09-07","","org.eclipse.tractusx.edc.tests.catalog.CatalogTest","org.eclipse.tractusx.edc.tests.catalog.CatalogTest","requestCatalog_filteredByBpnLegacy_shouldReject"
"","75","4.3.3 Verify invalid access token - auth token bound to a different iss/sub","","2026-09-07","passed","2026-09-07","","org.eclipse.dataspacetck.dcp.verification.presentation.verifier.PresentationFlowSection4Test","org.eclipse.dataspacetck.dcp.verification.presentation.verifier.PresentationFlowSection4Test","verifier_04_03_03_idTokenInvalidIssuerSub"
"","7151","httpPushDataTransfer()","","2026-09-07","passed","2026-09-07","","org.eclipse.tractusx.edc.tests.transfer.TransferPushEndToEndTest.Dsp2025to2025","org.eclipse.tractusx.edc.tests.transfer.TransferPushEndToEndTest$Dsp2025to2025","httpPushDataTransfer"
"","2053","transferFile_success(Vault)","","2026-09-07","passed","2026-09-07","","org.eclipse.tractusx.edc.dataplane.transfer.test.AzureToAzureTest","org.eclipse.tractusx.edc.dataplane.transfer.test.AzureToAzureTest","transferFile_success"
"","7311","httpPushDataTransfer()","","2026-09-07","passed","2026-09-07","","org.eclipse.tractusx.edc.tests.transfer.TransferPushEndToEndTest.Dsp08to08","org.eclipse.tractusx.edc.tests.transfer.TransferPushEndToEndTest$Dsp08to08","httpPushDataTransfer"
"","61","Policy is accepted ""Data Usage End Date""","","2026-09-07","passed","2026-09-07","","org.eclipse.tractusx.edc.tests.policy.PolicyDefinitionEndToEndTest","org.eclipse.tractusx.edc.tests.policy.PolicyDefinitionEndToEndTest","shouldAcceptValidPolicyDefinitions"
"","65","4.3.3 Verify invalid access token - sub does not match DID document id","","2026-09-07","passed","2026-09-07","","org.eclipse.dataspacetck.dcp.verification.presentation.verifier.PresentationFlowSection4Test","org.eclipse.dataspacetck.dcp.verification.presentation.verifier.PresentationFlowSection4Test","verifier_04_03_03_idTokenIncorrectSub"
"","11301","transferFile_withBucketCreation_success()","","2026-09-07","passed","2026-09-07","","org.eclipse.tractusx.edc.tests.transfer.S3ToS3EndToEndTest","org.eclipse.tractusx.edc.tests.transfer.S3ToS3EndToEndTest","transferFile_withBucketCreation_success"
"","52","Policy is not accepted because definition is not correct ""Usage policy obligation with not allowed constraints""","","2026-09-07","passed","2026-09-07","","org.eclipse.tractusx.edc.tests.policy.PolicyDefinitionEndToEndTest","org.eclipse.tractusx.edc.tests.policy.PolicyDefinitionEndToEndTest","shouldNotAcceptInvalidPolicyDefinitions"
"","639","Expect the Catalog request to fail if a credential is expired","","2026-09-07","passed","2026-09-07","","org.eclipse.tractusx.edc.tests.transfer.StsConsumerPullTest","org.eclipse.tractusx.edc.tests.transfer.StsConsumerPullTest","catalogRequest_whenCredentialExpired"
"","1","verifyAgentId_whenNoMembershipCredential_forDsp2025(DataspaceProfileContextRegistry)","","2026-09-07","passed","2026-09-07","","org.eclipse.tractusx.edc.tests.transfer.IdentityExtractionTest","org.eclipse.tractusx.edc.tests.transfer.IdentityExtractionTest","verifyAgentId_whenNoMembershipCredential_forDsp2025"
"","59","Policy is accepted ""Data Usage End Date Definition""","","2026-09-07","passed","2026-09-07","","org.eclipse.tractusx.edc.tests.policy.PolicyDefinitionEndToEndTest","org.eclipse.tractusx.edc.tests.policy.PolicyDefinitionEndToEndTest","shouldAcceptValidPolicyDefinitions"
"","159","Expect the Catalog request to fail if a credential is revoked","","2026-09-07","passed","2026-09-07","","org.eclipse.tractusx.edc.tests.transfer.StsConsumerPullTest","org.eclipse.tractusx.edc.tests.transfer.StsConsumerPullTest","catalogRequest_whenCredentialRevoked"
"","3","verifyAgentId_whenNoMembershipCredential_forDsp08(DataspaceProfileContextRegistry)","","2026-09-07","passed","2026-09-07","","org.eclipse.tractusx.edc.tests.transfer.IdentityExtractionTest","org.eclipse.tractusx.edc.tests.transfer.IdentityExtractionTest","verifyAgentId_whenNoMembershipCredential_forDsp08"
"","5688","transferData_privateBackend()","","2026-09-07","passed","2026-09-07","","org.eclipse.tractusx.edc.tests.transfer.StsConsumerPullTest","org.eclipse.tractusx.edc.tests.transfer.StsConsumerPullTest","transferData_privateBackend"
"","297","4.3.3 Verify invalid access token - jti","","2026-09-07","passed","2026-09-07","","org.eclipse.dataspacetck.dcp.verification.presentation.verifier.PresentationFlowSection4Test","org.eclipse.dataspacetck.dcp.verification.presentation.verifier.PresentationFlowSection4Test","verifier_04_03_03_idTokenJtiUsedTwice"
"","53","Policy is not accepted because definition is not correct ""Usage policy permission with not allowed constraints""","","2026-09-07","passed","2026-09-07","","org.eclipse.tractusx.edc.tests.policy.PolicyDefinitionEndToEndTest","org.eclipse.tractusx.edc.tests.policy.PolicyDefinitionEndToEndTest","shouldNotAcceptInvalidPolicyDefinitions"
"","52","Policy is accepted ""Warranty Duration Months""","","2026-09-07","passed","2026-09-07","","org.eclipse.tractusx.edc.tests.policy.PolicyDefinitionEndToEndTest","org.eclipse.tractusx.edc.tests.policy.PolicyDefinitionEndToEndTest","shouldAcceptValidPolicyDefinitions"
"","57","triggerDataTransfer_shouldFail_whenDataFlowDoesNotExist()","","2026-09-07","passed","2026-09-07","","org.eclipse.tractusx.edc.tests.transfer.DataFlowApiEndToEndTest","org.eclipse.tractusx.edc.tests.transfer.DataFlowApiEndToEndTest","triggerDataTransfer_shouldFail_whenDataFlowDoesNotExist"
"","2355","The authentication token has a invalid id","","2026-09-07","passed","2026-09-07","","org.eclipse.tractusx.edc.dataplane.tokenrefresh.e2e.DataPlaneTokenRefreshEndToEndTest","org.eclipse.tractusx.edc.dataplane.tokenrefresh.e2e.DataPlaneTokenRefreshEndToEndTest","refresh_invalidTokenId"
"","7990","Verify that the callbacks are invoked when negotiating an EDR","","2026-09-07","passed","2026-09-07","","org.eclipse.tractusx.edc.tests.edrv2.NegotiateEdrTest","org.eclipse.tractusx.edc.tests.edrv2.NegotiateEdrTest","negotiateEdr_shouldInvokeCallbacks"
"","75","Policy is accepted ""Affiliates BPNL""","","2026-09-07","passed","2026-09-07","","org.eclipse.tractusx.edc.tests.policy.PolicyDefinitionEndToEndTest","org.eclipse.tractusx.edc.tests.policy.PolicyDefinitionEndToEndTest","shouldAcceptValidPolicyDefinitions"
"","14335","transferData_withTerminate()","","2026-09-07","passed","2026-09-07","","org.eclipse.tractusx.edc.tests.transfer.TransferPullEndToEndTest.Dsp08to08","org.eclipse.tractusx.edc.tests.transfer.TransferPullEndToEndTest$Dsp08to08","transferData_withTerminate"
"","55","Policy is accepted ""Jurisdiction Location Reference""","","2026-09-07","passed","2026-09-07","","org.eclipse.tractusx.edc.tests.policy.PolicyDefinitionEndToEndTest","org.eclipse.tractusx.edc.tests.policy.PolicyDefinitionEndToEndTest","shouldAcceptValidPolicyDefinitions"
"","40466","Catalog with 1000 offers","","2026-09-07","passed","2026-09-07","","org.eclipse.tractusx.edc.tests.catalog.CatalogTest","org.eclipse.tractusx.edc.tests.catalog.CatalogTest","requestCatalog_of1000Assets_shouldContainAll"
"","125","Provider gets 400 when no asset selector is used","","2026-09-07","passed","2026-09-07","","org.eclipse.tractusx.edc.tests.validators.EmptyAssetSelectorValidatorTest","org.eclipse.tractusx.edc.tests.validators.EmptyAssetSelectorValidatorTest","shouldFail_whenContractDefinitionHasNoAssetSelector"
"","6231","transferData_failing_withProxyOriginalResponse()","","2026-09-07","passed","2026-09-07","","org.eclipse.tractusx.edc.tests.transfer.TransferPullEndToEndTest.Dsp2025to2025","org.eclipse.tractusx.edc.tests.transfer.TransferPullEndToEndTest$Dsp2025to2025","transferData_failing_withProxyOriginalResponse"
"","6051","transferData_successful_notReturnOriginalSourceResponseCode_withTerminate()","","2026-09-07","passed","2026-09-07","","org.eclipse.tractusx.edc.tests.transfer.TransferPullEndToEndTest.Dsp2025to2025","org.eclipse.tractusx.edc.tests.transfer.TransferPullEndToEndTest$Dsp2025to2025","transferData_successful_notReturnOriginalSourceResponseCode_withTerminate"
"","66","discoveryShouldReturnDspParams_DidAsIdentifier()","","2026-09-07","passed","2026-09-07","","org.eclipse.tractusx.edc.discovery.e2e.ConnectorDiscoveryTest","org.eclipse.tractusx.edc.discovery.e2e.ConnectorDiscoveryTest","discoveryShouldReturnDspParams_DidAsIdentifier"
"","6064","transferData_privateBackend()","","2026-09-07","passed","2026-09-07","","org.eclipse.tractusx.edc.tests.transfer.DivConsumerPullTest","org.eclipse.tractusx.edc.tests.transfer.DivConsumerPullTest","transferData_privateBackend"
"","62","Policy is not accepted because definition is not correct ""Policy with unknown actions types""","","2026-09-07","passed","2026-09-07","","org.eclipse.tractusx.edc.tests.policy.PolicyDefinitionEndToEndTest","org.eclipse.tractusx.edc.tests.policy.PolicyDefinitionEndToEndTest","shouldNotAcceptInvalidPolicyDefinitions"
"","7099","transferData_failing_withProxyOriginalResponse()","","2026-09-07","passed","2026-09-07","","org.eclipse.tractusx.edc.tests.transfer.TransferPullEndToEndTest.Dsp08to08","org.eclipse.tractusx.edc.tests.transfer.TransferPullEndToEndTest$Dsp08to08","transferData_failing_withProxyOriginalResponse"
"","65","Policy is not accepted because definition is not correct ""Policy with different actions types""","","2026-09-07","passed","2026-09-07","","org.eclipse.tractusx.edc.tests.policy.PolicyDefinitionEndToEndTest","org.eclipse.tractusx.edc.tests.policy.PolicyDefinitionEndToEndTest","shouldNotAcceptInvalidPolicyDefinitions"
"","10290","azureBlobPush_withDestFolder()","","2026-09-07","passed","2026-09-07","","org.eclipse.tractusx.edc.tests.transfer.AzureToAzureEndToEndTest","org.eclipse.tractusx.edc.tests.transfer.AzureToAzureEndToEndTest","azureBlobPush_withDestFolder"
"","49","Policy is accepted ""ContractTermination""","","2026-09-07","passed","2026-09-07","","org.eclipse.tractusx.edc.tests.policy.PolicyDefinitionEndToEndTest","org.eclipse.tractusx.edc.tests.policy.PolicyDefinitionEndToEndTest","shouldAcceptValidPolicyDefinitions"
"","64","4.3.3 Verify invalid access token - expired","","2026-09-07","passed","2026-09-07","","org.eclipse.dataspacetck.dcp.verification.presentation.verifier.PresentationFlowSection4Test","org.eclipse.dataspacetck.dcp.verification.presentation.verifier.PresentationFlowSection4Test","verifier_04_03_03_idTokenExpired"
"","65","Policy is accepted ""Liability""","","2026-09-07","passed","2026-09-07","","org.eclipse.tractusx.edc.tests.policy.PolicyDefinitionEndToEndTest","org.eclipse.tractusx.edc.tests.policy.PolicyDefinitionEndToEndTest","shouldAcceptValidPolicyDefinitions"
"","36","discoveryShouldReturn08DspParams_whenDsp2025NotAvailable_DidAsIdentifier()","","2026-09-07","passed","2026-09-07","","org.eclipse.tractusx.edc.discovery.e2e.ConnectorParameterDiscoveryTest","org.eclipse.tractusx.edc.discovery.e2e.ConnectorParameterDiscoveryTest","discoveryShouldReturn08DspParams_whenDsp2025NotAvailable_DidAsIdentifier"
"","69","Policy is accepted ""Access policy with empty permission""","","2026-09-07","passed","2026-09-07","","org.eclipse.tractusx.edc.tests.policy.PolicyDefinitionEndToEndTest","org.eclipse.tractusx.edc.tests.policy.PolicyDefinitionEndToEndTest","shouldAcceptValidPolicyDefinitions"
"","59","Policy is accepted ""Precedence""","","2026-09-07","passed","2026-09-07","","org.eclipse.tractusx.edc.tests.policy.PolicyDefinitionEndToEndTest","org.eclipse.tractusx.edc.tests.policy.PolicyDefinitionEndToEndTest","shouldAcceptValidPolicyDefinitions"
"","58","5.4.2.1 Verifier should reject a presentation response message that contains a different credential than requested","","2026-09-07","passed","2026-09-07","","org.eclipse.dataspacetck.dcp.verification.presentation.verifier.PresentationFlowSection5Test","org.eclipse.dataspacetck.dcp.verification.presentation.verifier.PresentationFlowSection5Test","verifier_05_04_02_01_presentationResponse_tooFewCredentials"
"","2306","BusinessPartnerCreated event is published","","2026-09-07","passed","2026-09-07","","org.eclipse.tractusx.edc.tests.bpn.events.BusinessPartnerEventTest","org.eclipse.tractusx.edc.tests.bpn.events.BusinessPartnerEventTest","shouldPublishBusinessPartnerCreatedEvent"
"","2060","transferFile_s3ToAzureMultipleFiles(Vault)","","2026-09-07","passed","2026-09-07","","org.eclipse.tractusx.edc.dataplane.transfer.test.MultiCloudTest","org.eclipse.tractusx.edc.dataplane.transfer.test.MultiCloudTest","transferFile_s3ToAzureMultipleFiles"
"","273","discoveryShouldReturn2025DspParams_BpnAsIdentifier()","","2026-09-07","passed","2026-09-07","","org.eclipse.tractusx.edc.discovery.e2e.ConnectorParameterDiscoveryTest","org.eclipse.tractusx.edc.discovery.e2e.ConnectorParameterDiscoveryTest","discoveryShouldReturn2025DspParams_BpnAsIdentifier"
"","491","Verify that the consumer receives only the offers he is permitted to (using the legacy CX policy)","","2026-09-07","passed","2026-09-07","","org.eclipse.tractusx.edc.tests.catalog.CatalogTestDspV08","org.eclipse.tractusx.edc.tests.catalog.CatalogTestDspV08","requestCatalog_filteredByBpn_UsingLegacyCxPolicy_shouldReject"
"","79","Policy is not accepted because definition is not correct ""Usage policy with empty permission""","","2026-09-07","passed","2026-09-07","","org.eclipse.tractusx.edc.tests.policy.PolicyDefinitionEndToEndTest","org.eclipse.tractusx.edc.tests.policy.PolicyDefinitionEndToEndTest","shouldNotAcceptInvalidPolicyDefinitions"
"","2323","The authentication token misses required claims: audience","","2026-09-07","passed","2026-09-07","","org.eclipse.tractusx.edc.dataplane.tokenrefresh.e2e.DataPlaneTokenRefreshEndToEndTest","org.eclipse.tractusx.edc.dataplane.tokenrefresh.e2e.DataPlaneTokenRefreshEndToEndTest","refresh_invalidAuthenticationToken_missingAudience"
"","65","Policy is accepted ""Data Frequency""","","2026-09-07","passed","2026-09-07","","org.eclipse.tractusx.edc.tests.policy.PolicyDefinitionEndToEndTest","org.eclipse.tractusx.edc.tests.policy.PolicyDefinitionEndToEndTest","shouldAcceptValidPolicyDefinitions"
"","2112","discoveryShouldReturn400_ifRequestHasMissingProps()","","2026-09-07","passed","2026-09-07","","org.eclipse.tractusx.edc.discovery.e2e.ConnectorDiscoveryTest","org.eclipse.tractusx.edc.discovery.e2e.ConnectorDiscoveryTest","discoveryShouldReturn400_ifRequestHasMissingProps"
"","951","shouldFail_whenDestinationBucketDoesNotExist()","","2026-09-07","passed","2026-09-07","","org.eclipse.tractusx.edc.dataplane.transfer.test.S3ToS3Test","org.eclipse.tractusx.edc.dataplane.transfer.test.S3ToS3Test","shouldFail_whenDestinationBucketDoesNotExist"
"","2345","Refresh token is empty (missing)","","2026-09-07","passed","2026-09-07","","org.eclipse.tractusx.edc.dataplane.tokenrefresh.e2e.DataPlaneTokenRefreshEndToEndTest","org.eclipse.tractusx.edc.dataplane.tokenrefresh.e2e.DataPlaneTokenRefreshEndToEndTest","refresh_invalidRefreshToken"
"","5648","Contract policy is fulfilled ""DataExchangeGovernance use case""","","2026-09-07","passed","2026-09-07","","org.eclipse.tractusx.edc.tests.transfer.DivConsumerPullTest","org.eclipse.tractusx.edc.tests.transfer.DivConsumerPullTest","transferData_whenContractPolicyFulfilled"
"","65","Policy is accepted ""Jurisdiction Location""","","2026-09-07","passed","2026-09-07","","org.eclipse.tractusx.edc.tests.policy.PolicyDefinitionEndToEndTest","org.eclipse.tractusx.edc.tests.policy.PolicyDefinitionEndToEndTest","shouldAcceptValidPolicyDefinitions"
"","80","Policy is accepted ""Affiliates Region (IS_ANY_OF, one element)""","","2026-09-07","passed","2026-09-07","","org.eclipse.tractusx.edc.tests.policy.PolicyDefinitionEndToEndTest","org.eclipse.tractusx.edc.tests.policy.PolicyDefinitionEndToEndTest","shouldAcceptValidPolicyDefinitions"
"","12519","shouldTransferOneGbFile()","","2026-09-07","passed","2026-09-07","","org.eclipse.tractusx.edc.dataplane.transfer.test.S3ToS3Test","org.eclipse.tractusx.edc.dataplane.transfer.test.S3ToS3Test","shouldTransferOneGbFile"
"","83","Verify HTTP 200 response and body when refreshing succeeds","","2026-09-07","passed","2026-09-07","","org.eclipse.tractusx.edc.tests.edrv2.EdrCacheApiEndToEndTest","org.eclipse.tractusx.edc.tests.edrv2.EdrCacheApiEndToEndTest","getEdrWithRefresh_success"
"","46","Policy is not accepted because definition is not correct ""Policy with mutually exclusive constraints""","","2026-09-07","passed","2026-09-07","","org.eclipse.tractusx.edc.tests.policy.PolicyDefinitionEndToEndTest","org.eclipse.tractusx.edc.tests.policy.PolicyDefinitionEndToEndTest","shouldNotAcceptInvalidPolicyDefinitions"
"","6997","transferData_success_withProxyOriginalResponse()","","2026-09-07","passed","2026-09-07","","org.eclipse.tractusx.edc.tests.transfer.TransferPullEndToEndTest.Dsp08to08","org.eclipse.tractusx.edc.tests.transfer.TransferPullEndToEndTest$Dsp08to08","transferData_success_withProxyOriginalResponse"
"","6549","The authentication token misses required claims: token","","2026-09-07","passed","2026-09-07","","org.eclipse.tractusx.edc.dataplane.tokenrefresh.e2e.DataPlaneTokenRefreshEndToEndTest","org.eclipse.tractusx.edc.dataplane.tokenrefresh.e2e.DataPlaneTokenRefreshEndToEndTest","refresh_invalidAuthenticationToken_missingAccessToken"
"","15594","discoveryShouldReturn502_whenProviderEndpointNotReachable()","","2026-09-07","passed","2026-09-07","","org.eclipse.tractusx.edc.discovery.e2e.ConnectorParameterDiscoveryTest","org.eclipse.tractusx.edc.discovery.e2e.ConnectorParameterDiscoveryTest","discoveryShouldReturn502_whenProviderEndpointNotReachable"
"","59","Policy is accepted ""Enforce data usage end date 1 second in the future""","","2026-09-07","passed","2026-09-07","","org.eclipse.tractusx.edc.tests.policy.PolicyDefinitionEndToEndTest","org.eclipse.tractusx.edc.tests.policy.PolicyDefinitionEndToEndTest","shouldAcceptValidPolicyDefinitions"
"","80","4.3.1 Verifier should reject an ID token that does not contain an access token","","2026-09-07","passed","2026-09-07","","org.eclipse.dataspacetck.dcp.verification.presentation.verifier.PresentationFlowSection4Test","org.eclipse.dataspacetck.dcp.verification.presentation.verifier.PresentationFlowSection4Test","verifier_04_03_01_presentationResponse_idTokenNoTokenClaim"
